INSERT INTO DEPARTAMENTO (IDDEPARTAMENTO, NOMBRE) VALUES (1, 'Departamento 1') 
INSERT INTO DEPARTAMENTO (IDDEPARTAMENTO, NOMBRE) VALUES (2, 'Departamento 2') 
INSERT INTO DEPARTAMENTO (IDDEPARTAMENTO, NOMBRE) VALUES (3, 'Departamento 3') 
INSERT INTO LOCALIDAD (IDLOCALIDAD, NOMBRE, IDDEPARTAMENTO) VALUES (1, 'Localidad 1', 1) 
INSERT INTO LOCALIDAD (IDLOCALIDAD, NOMBRE, IDDEPARTAMENTO) VALUES (2, 'Localidad 2', 1) 
INSERT INTO LOCALIDAD (IDLOCALIDAD, NOMBRE, IDDEPARTAMENTO) VALUES (3, 'Localidad 3', 2) 
INSERT INTO ITR (IDITR, NOMBRE, ID_LOCALIDAD, ESTADOITR) VALUES (1, 'ITR 1', 1, 'Activo') 
INSERT INTO ITR (IDITR, NOMBRE, ID_LOCALIDAD, ESTADOITR) VALUES (2, 'ITR 2', 2, 'Inactivo') 
INSERT INTO ITR (IDITR, NOMBRE, ID_LOCALIDAD, ESTADOITR) VALUES (3, 'ITR 3', 1, 'Activo') 
INSERT INTO USUARIO (IDUSUARIO, NOMBRE, APELLIDO, DOCUMENTO, FECHANACIMIENTO, NOMBREUSUARIO, CONTRASENIA, TIPOUSUARIO, VERIFICACION, MAIL, MAIL_INSTITUCIONAL, TELEFONO, GENERO, ESTADO, IDITR, IDLOCALIDAD) VALUES (1, 'Nombre1', 'Apellido1', 1234567890, TO_DATE('1990-01-01', 'YYYY-MM-DD'), 'usuario1', 'contrasenia1', 'Tipo1', 'Verificacion1', 'email1@gmail.com', 'mail_inst1@institution.com', '123-456-7890', 'Género1', 'Activo', 1, 1) 
INSERT INTO USUARIO (IDUSUARIO, NOMBRE, APELLIDO, DOCUMENTO, FECHANACIMIENTO, NOMBREUSUARIO, CONTRASENIA, TIPOUSUARIO, VERIFICACION, MAIL, MAIL_INSTITUCIONAL, TELEFONO, GENERO, ESTADO, IDITR, IDLOCALIDAD) VALUES (2, 'Nombre2', 'Apellido2', 2345678901, TO_DATE('1991-02-02', 'YYYY-MM-DD'), 'usuario2', 'contrasenia2', 'Tipo2', 'Verificacion2', 'email2@gmail.com', 'mail_inst2@institution.com', '234-567-8901', 'Género2', 'Inactivo', 2, 2) 
INSERT INTO USUARIO (IDUSUARIO, NOMBRE, APELLIDO, DOCUMENTO, FECHANACIMIENTO, NOMBREUSUARIO, CONTRASENIA, TIPOUSUARIO, VERIFICACION, MAIL, MAIL_INSTITUCIONAL, TELEFONO, GENERO, ESTADO, IDITR, IDLOCALIDAD) VALUES (3, 'Nombre3', 'Apellido3', 3456789012, TO_DATE('1992-03-03', 'YYYY-MM-DD'), 'usuario3', 'contrasenia3', 'Tipo3', 'Verificacion3', 'email3@gmail.com', 'mail_inst3@institution.com', '345-678-9012', 'Género3', 'Activo', 1, 2) 
INSERT INTO ANALISTA (IDUSUARIO) VALUES (1) 
INSERT INTO ANALISTA (IDUSUARIO) VALUES (2) 
INSERT INTO ANALISTA (IDUSUARIO) VALUES (3) 
INSERT INTO ESTUDIANTE (IDUSUARIO, ESTADOESTUDIANTE, AÑOINGRESO) VALUES (1, 'Activo', 2020) 
INSERT INTO ESTUDIANTE (IDUSUARIO, ESTADOESTUDIANTE, AÑOINGRESO) VALUES (2, 'Inactivo', 2019) 
INSERT INTO ESTUDIANTE (IDUSUARIO, ESTADOESTUDIANTE, AÑOINGRESO) VALUES (3, 'Activo', 2021) 
INSERT INTO TUTOR (IDUSUARIO, AREA, TIPOROL) VALUES (1, 'Área1', 'Rol1') 
INSERT INTO TUTOR (IDUSUARIO, AREA, TIPOROL) VALUES (2, 'Área2', 'Rol2') 
INSERT INTO TUTOR (IDUSUARIO, AREA, TIPOROL) VALUES (3, 'Área3', 'Rol3') 
INSERT INTO SEMESTRE (IDSEMESTRE, NOMBRE) VALUES (1, 'Semestre 1') 
INSERT INTO SEMESTRE (IDSEMESTRE, NOMBRE) VALUES (2, 'Semestre 2') 
INSERT INTO SEMESTRE (IDSEMESTRE, NOMBRE) VALUES (3, 'Semestre 3') 
INSERT INTO EVENTO (IDEVENTO, TITULO, TIPO, FECHA_INICIO, FECHA_FIN, MODALIDAD, LOCALIZACION, CREDITOS, ESTADO, INFORMACION, IDITR) VALUES (1, 'Evento 1', 'Tipo1', TO_DATE('2023-01-01', 'YYYY-MM-DD'), TO_DATE('2023-01-02', 'YYYY-MM-DD'), 'Presencial', 'Ubicación1', 2, 'Activo', 'Información1', 1) 
INSERT INTO EVENTO (IDEVENTO, TITULO, TIPO, FECHA_INICIO, FECHA_FIN, MODALIDAD, LOCALIZACION, CREDITOS, ESTADO, INFORMACION, IDITR) VALUES (2, 'Evento 2', 'Tipo2', TO_DATE('2023-02-01', 'YYYY-MM-DD'), TO_DATE('2023-02-02', 'YYYY-MM-DD'), 'Virtual', NULL, 3, 'Inactivo', 'Información2', 2) 
INSERT INTO EVENTO (IDEVENTO, TITULO, TIPO, FECHA_INICIO, FECHA_FIN, MODALIDAD, LOCALIZACION, CREDITOS, ESTADO, INFORMACION, IDITR) VALUES (3, 'Evento 3', 'Tipo3', TO_DATE('2023-03-01', 'YYYY-MM-DD'), TO_DATE('2023-03-02', 'YYYY-MM-DD'), 'Presencial', 'Ubicación3', 4, 'Activo', 'Información3', 1) 
INSERT INTO SEMESTRES_EVENTOS (IDSEMESTRES_EVENTOS, IDSEMESTRE, IDEVENTO) VALUES (1, 1, 1) 
INSERT INTO SEMESTRES_EVENTOS (IDSEMESTRES_EVENTOS, IDSEMESTRE, IDEVENTO) VALUES (2, 2, 2) 
INSERT INTO SEMESTRES_EVENTOS (IDSEMESTRES_EVENTOS, IDSEMESTRE, IDEVENTO) VALUES (3, 3, 3) 
INSERT INTO TUTORES_EVENTOS (IDUSUARIO, IDEVENTO) VALUES (1, 1) 
INSERT INTO TUTORES_EVENTOS (IDUSUARIO, IDEVENTO) VALUES (2, 2) 
INSERT INTO TUTORES_EVENTOS (IDUSUARIO, IDEVENTO) VALUES (3, 3) 
INSERT INTO ANALISTAS_EVENTOS (IDUSUARIO, IDEVENTO) VALUES (1, 1) 
INSERT INTO ANALISTAS_EVENTOS (IDUSUARIO, IDEVENTO) VALUES (2, 2) 
INSERT INTO ANALISTAS_EVENTOS (IDUSUARIO, IDEVENTO) VALUES (3, 3) 
INSERT INTO CONVOCATORIA_EVENTO (IDCON_EVE, TIPOASISTENCIA, CALIFICACION, IDESTUDIANTE, IDEVENTO) VALUES (1, 'Asistencia1', 4.5, 1, 1) 
INSERT INTO CONVOCATORIA_EVENTO (IDCON_EVE, TIPOASISTENCIA, CALIFICACION, IDESTUDIANTE, IDEVENTO) VALUES (2, 'Asistencia2', 3.8, 2, 2) 
INSERT INTO CONVOCATORIA_EVENTO (IDCON_EVE, TIPOASISTENCIA, CALIFICACION, IDESTUDIANTE, IDEVENTO) VALUES (3, 'Asistencia3', 4.2, 3, 3) 
INSERT INTO ESTADOSOLICITUD (IDESTADOSOLICITUD, NOMBRE, ACTIVO) VALUES (1, 'EstadoSolicitud1', 'Activo') 
INSERT INTO ESTADOSOLICITUD (IDESTADOSOLICITUD, NOMBRE, ACTIVO) VALUES (2, 'EstadoSolicitud2', 'Inactivo') 
INSERT INTO ESTADOSOLICITUD (IDESTADOSOLICITUD, NOMBRE, ACTIVO) VALUES (3, 'EstadoSolicitud3', 'Activo') 
INSERT INTO CONSTANCIA (IDCONSTANCIA, TIPOCONSTANCIA, DETALLE, FECHA_HORA, IDESTADO, IDESTUDIANTE, IDEVENTO) VALUES (1, 'TipoConstancia1', 'Detalle1', TO_TIMESTAMP('2023-01-01 10:00:00', 'YYYY-MM-DD HH24:MI:SS'), 1, 1, 1) 
INSERT INTO CONSTANCIA (IDCONSTANCIA, TIPOCONSTANCIA, DETALLE, FECHA_HORA, IDESTADO, IDESTUDIANTE, IDEVENTO) VALUES (2, 'TipoConstancia2', 'Detalle2', TO_TIMESTAMP('2023-02-01 11:00:00', 'YYYY-MM-DD HH24:MI:SS'), 2, 2, 2) 
INSERT INTO CONSTANCIA (IDCONSTANCIA, TIPOCONSTANCIA, DETALLE, FECHA_HORA, IDESTADO, IDESTUDIANTE, IDEVENTO) VALUES (3, 'TipoConstancia3', 'Detalle3', TO_TIMESTAMP('2023-03-01 12:00:00', 'YYYY-MM-DD HH24:MI:SS'), 3, 3, 3) 
INSERT INTO JUSTIFICACION (IDJUSTIFICACION, DETALLE, FECHA_HORA, IDESTADO, IDESTUDIANTE, IDEVENTO) VALUES (1, 'Justificacion1', TO_TIMESTAMP('2023-01-01 13:00:00', 'YYYY-MM-DD HH24:MI:SS'), 1, 1, 1) 
INSERT INTO JUSTIFICACION (IDJUSTIFICACION, DETALLE, FECHA_HORA, IDESTADO, IDESTUDIANTE, IDEVENTO) VALUES (2, 'Justificacion2', TO_TIMESTAMP('2023-02-01 14:00:00', 'YYYY-MM-DD HH24:MI:SS'), 2, 2, 2) 
INSERT INTO JUSTIFICACION (IDJUSTIFICACION, DETALLE, FECHA_HORA, IDESTADO, IDESTUDIANTE, IDEVENTO) VALUES (3, 'Justificacion3', TO_TIMESTAMP('2023-03-01 15:00:00', 'YYYY-MM-DD HH24:MI:SS'), 3, 3, 3) 
INSERT INTO RECLAMO (IDRECLAMO, TITULO, TIPORECLAMO, DETALLE, FECHA_HORA, SEMESTRE, IDESTADO, IDESTUDIANTE, IDEVENTO) VALUES (1, 'Reclamo1', 'TipoReclamo1', 'DetalleReclamo1', TO_TIMESTAMP('2023-01-01 16:00:00', 'YYYY-MM-DD HH24:MI:SS'), 1, 1, 1, 1) 
INSERT INTO RECLAMO (IDRECLAMO, TITULO, TIPORECLAMO, DETALLE, FECHA_HORA, SEMESTRE, IDESTADO, IDESTUDIANTE, IDEVENTO) VALUES (2, 'Reclamo2', 'TipoReclamo2', 'DetalleReclamo2', TO_TIMESTAMP('2023-02-01 17:00:00', 'YYYY-MM-DD HH24:MI:SS'), 2, 2, 2, 2) 
INSERT INTO RECLAMO (IDRECLAMO, TITULO, TIPORECLAMO, DETALLE, FECHA_HORA, SEMESTRE, IDESTADO, IDESTUDIANTE, IDEVENTO) VALUES (3, 'Reclamo3', 'TipoReclamo3', 'DetalleReclamo3', TO_TIMESTAMP('2023-03-01 18:00:00', 'YYYY-MM-DD HH24:MI:SS'), 3, 3, 3, 3) 
INSERT INTO ACCION_CONSTANCIA (IDACC_CON, FECHAHORA, DETALLE, IDANALISTA, IDCONSTANCIA) VALUES (1, TO_TIMESTAMP('2023-01-01 19:00:00', 'YYYY-MM-DD HH24:MI:SS'), 'DetalleAccionConstancia1', 1, 1) 
INSERT INTO ACCION_CONSTANCIA (IDACC_CON, FECHAHORA, DETALLE, IDANALISTA, IDCONSTANCIA) VALUES (2, TO_TIMESTAMP('2023-02-01 20:00:00', 'YYYY-MM-DD HH24:MI:SS'), 'DetalleAccionConstancia2', 2, 2) 
INSERT INTO ACCION_CONSTANCIA (IDACC_CON, FECHAHORA, DETALLE, IDANALISTA, IDCONSTANCIA) VALUES (3, TO_TIMESTAMP('2023-03-01 21:00:00', 'YYYY-MM-DD HH24:MI:SS'), 'DetalleAccionConstancia3', 3, 3) 
INSERT INTO ACCION_JUSTIFICACION (IDACC_JUS, FECHA_HORA, DETALLE, IDANALISTA, IDJUSTIFICACION) VALUES (1, TO_TIMESTAMP('2023-01-01 22:00:00', 'YYYY-MM-DD HH24:MI:SS'), 'DetalleAccionJustificacion1', 1, 1) 
INSERT INTO ACCION_JUSTIFICACION (IDACC_JUS, FECHA_HORA, DETALLE, IDANALISTA, IDJUSTIFICACION) VALUES (2, TO_TIMESTAMP('2023-02-01 23:00:00', 'YYYY-MM-DD HH24:MI:SS'), 'DetalleAccionJustificacion2', 2, 2) 
INSERT INTO ACCION_JUSTIFICACION (IDACC_JUS, FECHA_HORA, DETALLE, IDANALISTA, IDJUSTIFICACION) VALUES (3, TO_TIMESTAMP('2023-03-01 00:00:00', 'YYYY-MM-DD HH24:MI:SS'), 'DetalleAccionJustificacion3', 3, 3) 
INSERT INTO ACCION_RECLAMO (IDACC_REC, FECHAHORA, DETALLE, IDANALISTA, IDRECLAMO) VALUES (1, TO_TIMESTAMP('2023-01-01 01:00:00', 'YYYY-MM-DD HH24:MI:SS'), 'DetalleAccionReclamo1', 1, 1) 
INSERT INTO ACCION_RECLAMO (IDACC_REC, FECHAHORA, DETALLE, IDANALISTA, IDRECLAMO) VALUES (2, TO_TIMESTAMP('2023-02-01 02:00:00', 'YYYY-MM-DD HH24:MI:SS'), 'DetalleAccionReclamo2', 2, 2) 
INSERT INTO ACCION_RECLAMO (IDACC_REC, FECHAHORA, DETALLE, IDANALISTA, IDRECLAMO) VALUES (3, TO_TIMESTAMP('2023-03-01 03:00:00', 'YYYY-MM-DD HH24:MI:SS'), 'DetalleAccionReclamo3', 3, 3) 